Username,Keywords,Date Created,Likes,Retweets,Replies,Quotes,Media ,Tweet
FortniteTracker,,8/6/2024 13:03,129,8,7,0,https://pbs.twimg.com/media/GUOAFKfXcAAYGeK.png,December 2018 ğŸ¥º https://t.co/0CNgGEAlNo
FortniteTracker,,8/5/2024 13:03,106,0,7,0,"https://pbs.twimg.com/media/GUN_8mEWMAAOH_p.jpg,https://pbs.twimg.com/media/GUN_-QPW8AAwYZf.jpg",Admire the evolution of the FNCS logo from Season X to now ğŸ™Œ https://t.co/3zHPmuOSep
FortniteTracker,,8/5/2024 4:09,214,6,1,2,https://pbs.twimg.com/media/GUMLWS7WkAA1a8A.png,Weekly 2024 NAC Power Rankings Leaderboard! ğŸ†   @Clix  @Eomzo1  @PeterbotFN  @Avivv5  @ritualfps  @Pollofn6  @MuzFN  @Reetlol  @Khanada  @BatmanBugha https://t.co/ss5BnUo9w8
FortniteTracker,,8/4/2024 20:15,95,1,5,0,https://pbs.twimg.com/media/GUKexWWaEAACtz7.png,Weekly 2024 EU Power Rankings Leaderboard! ğŸ†   @Vicotryona  @Nathanfnbr_  @czbfn  @vanyak3kk  @Chapfnr  @SwizzY281  @t3enyFN  @HrisFN  @MalibucaFN  @FlickzyV2 https://t.co/Th5iOZ8enQ
FortniteTracker,,8/3/2024 15:22,39,2,4,0,https://pbs.twimg.com/media/GUERzDBWIAAudGy.jpg,No one is talking about Tfue in the item shop? https://t.co/W9w3LSAEgK
FortniteTracker,,8/2/2024 13:03,278,2,5,0,https://pbs.twimg.com/media/GTqmd1TXgAAhUQN.jpg,El KING de SudamÃ©rica. ğŸ‡¦ğŸ‡·ğŸ https://t.co/Uy8nVUSFBq
FortniteTracker,,8/1/2024 13:03,294,7,6,4,https://pbs.twimg.com/media/GTql9OvXoAAuvvW.jpg,FNCS GLOBAL CHAMPIONSHIP 2024 VENUE. ğŸ¥¶ https://t.co/SUKMhlOPo2
FortniteTracker,,7/31/2024 13:03,420,12,71,3,https://pbs.twimg.com/media/GTqmQl2XkAAB1Py.jpg,Can we all agree Peterbot is the king of Chapter 5 Season 3? ğŸ¤”ğŸ https://t.co/OGtxoeomrq
Mama_Lumi,fortnite,8/6/2024 22:33,0,0,0,0,,AAAAAAAAAA FORTNITE!  https://t.co/Ah7unGzqC3 https://t.co/1FJci1Myeh
meowcala,fortnite,8/6/2024 22:33,0,0,0,0,https://pbs.twimg.com/media/GUVRqp7X0AAQDVd.jpg,fortnite ed headcannons with my bf https://t.co/SqFW7vxjVn
Hiagho154606,fortnite,8/6/2024 22:33,0,0,0,0,https://pbs.twimg.com/media/GUVRpZAXcAAW1O_.jpg,"minha concept pra proxima temporada , espero que gostem @fortnite , @Daryki  , @CGplayoficiial   (creditos pro dono do criador do mapa @RaphooComix) https://t.co/7LmKdPvfC0"
skyakr555,fortnite,8/6/2024 22:33,0,0,0,0,,ğŸ“¢ã‚·ãƒ§ãƒ¼ãƒˆå‹•ç”»ã‚¢ãƒƒãƒ—ğŸ“¢ ãƒãƒ ãƒ¼ã¨Uãƒãƒ£ãƒ³ã®ã‚²ãƒ¼ãƒ éƒ¨å±‹ğŸ‘ğŸ‘ ãƒ“ãƒ¼ãƒ³ã‚ºã§éŠã‚“ã§ããŸã‚ˆï¼ #fortnite #ãƒ•ã‚©ãƒ¼ãƒˆãƒŠã‚¤ãƒˆ https://t.co/QyvM3wmfLw
soff1av,fortnite,8/6/2024 22:33,1,0,0,0,,mi lag en fortnite no puede estar peor
Legocon1225,fortnite,8/6/2024 22:33,1,0,0,0,,Whoâ€™s ready for Fortnite chapter 5 season 4
LitKoriXX,fortnite,8/6/2024 22:33,0,0,0,0,,So glad fnaf is collaborating with DBD (finally even tho idc about DBD) instead of Fortnite
EthansToyShow,fortnite,8/6/2024 22:33,0,0,0,0,https://pbs.twimg.com/media/GUVRjJtWwAAJvcQ.jpg,"I wish i had enough followers so i can say ""Night Surf Bomber Fortnite"" and 100 people would reply ""real"" https://t.co/d7TuPq4zKI"
MrVEGITO94,fortnite,8/6/2024 22:32,0,0,0,0,,we is live with @MrPerfect496 and the fam from #bloodsharkgaming starting off with some fall guys then fortnite later https://t.co/biwjXc2oNS
ZachMTheArtist,fortnite,8/6/2024 22:32,0,0,0,0,,Cage the Elephant on Fortnite Festival.....may have to get it https://t.co/yu0k3U2eTB
BloodyTeaRex,gaming,8/6/2024 22:33,0,0,0,0,,Streaming now on #Twitch I'm #Sponsored for #RaidShadowLegends new users only will receive unique and #Special #Rewards at Level 15 using my link. Pc https://t.co/ONCrCCQEbE You can find me on Twitch named Bloodytrex  #mobile #StreamerCommunity #gaming #fun #app #pc
Jennifer338412,gaming,8/6/2024 22:33,1,0,1,0,,"Celebrating the Visionaries Behind @lunarstorm_web3  At LunarStorm, we believe in celebrating the visionaries who brought our platform to life. These remarkable individuals, whose dedication and hard work have shaped our journey, are at the core of our success.#LunarStorm #Gaming"
DreamTanksTV,gaming,8/6/2024 22:33,0,0,0,0,,https://t.co/fgEFbwOgqY   $Doge #DogeCoin #Doge #DogeArmy #DogeFamily #OW2 #Overwatch2 #Gaming #Overwatch #DreamTanks  #Live #Rein #Reinhardt #Reinhardtmain #Crusader #Tank #Tankmain
game48rmd,gaming,8/6/2024 22:33,0,0,0,0,"https://pbs.twimg.com/media/GUVRbd_a8AIF0kW.jpg,https://pbs.twimg.com/media/GUVRbeGbsAAHhO3.jpg,https://pbs.twimg.com/media/GUVRbeGbwAARSXI.jpg,https://pbs.twimg.com/media/GUVRbepXsAAopde.jpg",https://t.co/QYXDa7IUZ8  #gaming #giveaway #xbox #gamingchair #laptop #gamers #core #playstation #gaming #gamingchannel #music #videogaming #retrogaming #xboxone #stream #headset #fortnine pes2025 fcb acm bank gol hug rame yadli https://t.co/v2qjUQsUOA
JMMSesports,gaming,8/6/2024 22:33,1,0,0,0,https://pbs.twimg.com/media/GUVRgoGXoAASCn-.jpg,We have 2 labs this year! One for a hybrid didactic model for teaching and learning with 5 gaming PCs and another lab with 36 gaming PCs in a computer lab format with a horseshoe layout. @ABQ_JamesMonroe #esportsedu https://t.co/EGuzl39hQc
iChurrox,gaming,8/6/2024 22:33,2,1,1,0,https://pbs.twimg.com/media/GUVRiJrWEAAq_O3.jpg,EL GAMING GOD AQUI ğŸ˜  STREAM: iChurrox https://t.co/zyHbwlxGtX
Hesayl,gaming,8/6/2024 22:33,0,0,0,0,,"Isso me lembra que no almoÃ§o eu estava ouvindo uma histÃ³ria de uma responsÃ¡vel pelo financeiro de uma escola pÃºblica, que desviou 1 milhÃ£o de reais dos cofres, para apostar no Tigrinho  Achei essa histÃ³ria fantÃ¡stica, mas nÃ£o tinha contexto para contar aqui. Obrigado paiN Gaming https://t.co/XkNUnTTXLa"
MikeDiver,gaming,8/6/2024 22:33,1,1,0,0,"https://pbs.twimg.com/media/GUVRgWfXUAAewMR.jpg,https://pbs.twimg.com/media/GUVRgX5WkAAmlhm.jpg,https://pbs.twimg.com/media/GUVRghQWwAAymME.jpg,https://pbs.twimg.com/media/GUVRgnDWAAAqAxg.jpg",I miss when gaming took itself seriously. https://t.co/0x4obv5874
FatKidDeals,gaming,8/6/2024 22:33,0,0,0,0,https://pbs.twimg.com/media/GUVRf_8XcAAGAXP.jpg,"2x Stacking Deal! Digital Picture Frame for $30, retail $85.99! -- coupon on page, PLUS code; 50RQACNB https://t.co/47osK5IcMk  Gaming Chair for $84.99, retail $190! https://t.co/tPgWYdT5YX https://t.co/MiBV5xsMtl"
DavidHolandaOne,gaming,8/6/2024 22:32,0,0,0,0,,"ğŸš¨ CURRENTLY LOOKING FOR VIDEO EDITING WORK!!! ğŸš¨ I need money to buy new PC parts, so I'm becoming a freelancer editor for now Being either video review/essay/gaming or composition (Payment through PayPal or Pix)  DM me if you're interested :D https://t.co/hYOfGF3x6h"
ShiinaBR,,7/31/2024 16:47,N/A,N/A,N/A,N/A,N/A,"Fortnite has just deactivated the ""Use a Ship in a Bottle"" quest ğŸ‘€  It has been replaced with ""Restore health or gain shields using food"" https://t.co/hciS3fgexU"
ShiinaBR,,7/31/2024 15:08,N/A,N/A,N/A,N/A,N/A,"Fortnite will start hosting tournaments for Reload ğŸ”¥  The first cup takes place in 24 HOURS!!  So far, this first cup will only be a trial for them, but they might happen more often if Epic is happy with the results ğŸ‘€ https://t.co/fXXNEJqGhM"
ShiinaBR,,7/31/2024 15:06,N/A,N/A,N/A,N/A,N/A,Fortnite will start hosting tournaments for Reload ğŸ”¥  They just added a set of rules for these tournaments to their Fortnite Competitive website ğŸ‘€  The first cup will take place in 24 hours! https://t.co/gwG6roSAfG
ShiinaBR,,7/31/2024 14:14,N/A,N/A,N/A,N/A,N/A,"Disney will hold its D23 event on August 9-11, and they confirmed that gaming will play a big part in the event ğŸ‘€  They could potentially drop a teaser for the 'FORTNITE X MARVEL' season there, as it's dropping only a few days after their event â€¼ï¸  (Information by @Wensoing) https://t.co/3qG6oWUzAB"
ShiinaBR,,7/31/2024 2:15,N/A,N/A,N/A,N/A,N/A,https://t.co/1ILIHLMXEQ
ShiinaBR,,7/31/2024 0:04,N/A,N/A,N/A,N/A,N/A,"A few Star Wars collaboration skins have returned to the Item Shop!! ğŸ”¥  Use Code ""Shiina"" to claim your FREE emoticon, and to support me if you want to, thank you! â¤ï¸ #EpicPartner https://t.co/rHTFeM02HQ"
ShiinaBR,,7/31/2024 0:01,N/A,N/A,N/A,N/A,N/A,"Star Wars cosmetics (Yoda, Luke, ...) and Futurama are back in the Item Shop tonight!! ğŸ”¥  Use Code ""Shiina"" to claim your FREE emoticon, and to support me if you want to, thank you! â¤ï¸ #EpicPartner https://t.co/ypWyQlhX6R"
ShiinaBR,,7/30/2024 17:23,N/A,N/A,N/A,N/A,N/A,The FINAL update of the current Fortnite season is now on staging servers and will be released on August 6 ğŸ”¥  It will likely include new leaks and teasers for the Marvel season! https://t.co/I1Gwz87qsn
ShiinaBR,,7/30/2024 14:01,N/A,N/A,N/A,N/A,N/A,NEW JAM TRACKS FOR THIS WEEK ğŸ”¥  - Battery (Metallica) - Fade to Black (Metallica) - Sad but True (Metallica) https://t.co/ZrzA2hRv6q
ShiinaBR,,7/30/2024 13:01,N/A,N/A,N/A,N/A,N/A,The Med-Mist has been unvaulted!! ğŸ”¥ https://t.co/F7FiRoPkQW
KinchAnalytics,,7/30/2024 17:21,N/A,N/A,N/A,N/A,N/A,"ğŸ”« ğŸ§± Do Duo Roles Exist? ğŸ§±ğŸ”«  Theory Most duos have an IGL who does more of the Building, and a Fragger who does more of the Damage.  Analysis I looked at what % of the duo's damage/builds each player contributed in FNCS Grands.  If roles were always defined, you would have aâ€¦ https://t.co/jDJV0E2550 https://t.co/RAOmlDjLyw"
KinchAnalytics,,7/30/2024 15:20,N/A,N/A,N/A,N/A,N/A,ğŸš¨ HUGE STATS BOT UPDATE ğŸš¨  Tournament Stats bot has been upgraded so you can get ANYONE's stats from tournaments using their in-game name.  FREE to use in the @KinchAnalytics or @osirion_gg Discord servers (links in bios) or add it to your own server: https://t.co/6HfmT7zihL https://t.co/2PKSIA32mA https://t.co/cObYWIiLvm
KinchAnalytics,,7/30/2024 12:13,N/A,N/A,N/A,N/A,N/A,"ğŸ† FNCS Grands - All Regions ğŸ† ğŸ”« Player Damage ğŸ”«  ğŸ‡ºğŸ‡¸ @PeterbotFN defends his ""Golden Gun"" award, only 3 damage ahead of ğŸ‡§ğŸ‡· @EdRoadToGlory! ğŸ‡¯ğŸ‡µ @Koyota0 in 3rd https://t.co/BmucWrWZk9 https://t.co/XdMPsEQQnY"
KinchAnalytics,,7/29/2024 23:58,N/A,N/A,N/A,N/A,N/A,ğŸ“‰ FNCS Grands Streaks that EndedğŸ“‰  Tournament missed in brackets 21 ğŸ‡¸ğŸ‡® @taysonFN (GC24) 19 ğŸ‡ºğŸ‡¸ @EpikWhale (GC23) ğŸ‡¸ğŸ‡¦ @spyerfrog (GC23) ğŸ‡³ğŸ‡´ @MrSavage (C5S2) 18 ğŸ‡¨ğŸ‡¦ @MeroFN (GC24) ğŸ‡§ğŸ‡· @EdRoadToGlory (GC23) ğŸ‡¦ğŸ‡º @jaceoce (GC23) 17 ğŸ‡©ğŸ‡ª @JannisZFN  (C4S3) ğŸ‡¯ğŸ‡µ @alicev2_ (GC23) https://t.co/MuPbMd9AGf
KinchAnalytics,,7/29/2024 21:29,N/A,N/A,N/A,N/A,N/A,ğŸ“ˆ FNCS Grands Streaks ğŸ“ˆ  After Globals these will be the longest ongoing streaks 24 ğŸ‡ºğŸ‡¸ @Khanada  16 ğŸ‡ºğŸ‡¸ @bugha ğŸ‡µğŸ‡± @KamiFN1 ğŸ‡µğŸ‡± @Setty2k_ ğŸ‡·ğŸ‡º @MalibucaFN ğŸ‡ºğŸ‡¸ @PeterbotFN  15 ğŸ‡²ğŸ‡½ @dukezfn ğŸ‡±ğŸ‡» @Merstach ğŸ‡¦ğŸ‡º @alexfnbr1   If you ignore Invitational 2022 where nobody could technicallyâ€¦ https://t.co/SU9CJMp9kn
KinchAnalytics,,7/29/2024 20:58,N/A,N/A,N/A,N/A,N/A,"ğŸ”« FNCS Grands: Weapon Types ğŸ”«  After the initial off-spawn engagements, the DMR dominates the midgame damage, before Shotguns take over in the endgame.  Pickaxe damage peaks at 2% in Zone 0 â›ï¸ https://t.co/Fy4orUZ77O https://t.co/5cq59X7sQ6"
KinchAnalytics,,7/29/2024 15:23,N/A,N/A,N/A,N/A,N/A,Fun Fact: Only 31 of 300 Duos didn't take any fall damage during the Grand Finals. The most for any duo was 478
KinchAnalytics,,7/29/2024 11:59,N/A,N/A,N/A,N/A,N/A,âš¡ï¸ Surge Hits Taken By FNCS Winners âš¡ï¸  0 ğŸ‡³ğŸ‡¿ @Cazifn ğŸ‡¦ğŸ‡º @aspectzrr  0 ğŸ‡¸ğŸ‡¦ @realKalgamer710 ğŸ‡§ğŸ‡­ @7man25  0 ğŸ‡¦ğŸ‡¹ @Vicotryona ğŸ‡©ğŸ‡ª @FlickzyV2  10 ğŸ‡¯ğŸ‡µ @xMipoli ğŸ‡¯ğŸ‡µ @Koyota0  34 ğŸ‡¦ğŸ‡· @fazerfn ğŸ‡¦ğŸ‡· @k1ng   50 ğŸ‡ºğŸ‡¸ @PeterbotFN ğŸ‡²ğŸ‡½ @Pollofn6
KinchAnalytics,,7/29/2024 0:59,N/A,N/A,N/A,N/A,N/A,ğŸ† FNCS Grands - NAC ğŸ† ğŸ”¥ Stats Leaders ğŸ”¥  ğŸ¯ Damage/Elims: 13389/36 ğŸ‡ºğŸ‡¸ @PeterbotFN  ğŸ‘ Damage Ratio: 1.99 @coldfv  ğŸ§± Builds: 6432 @sphinxfn   â›ï¸ Farmed: 30832 ğŸ‡ºğŸ‡¸ @PeterbotFN  ğŸƒâ€â™‚ï¸ Distance: 85563 ğŸ´ó §ó ¢ó ¥ó ®ó §ó ¿ @venofn  ğŸŒ§ï¸ Storm Time: 1:08:44 ğŸ‡ºğŸ‡¸ @Clix https://t.co/UrAaDWIdeQ
KinchAnalytics,,7/29/2024 0:54,N/A,N/A,N/A,N/A,N/A,ğŸ† FNCS Grands NAC ğŸ† ğŸ”« Most Damage Dealt ğŸ”«  ğŸ¥‡ 13389 ğŸ‡ºğŸ‡¸ @PeterbotFN  ğŸ¥ˆ 11365 ğŸ´ó §ó ¢ó ¥ó ®ó §ó ¿ @venofn  ğŸ¥‰ 11972 ğŸ‡ºğŸ‡¸ @coldfv  4âƒ£ 11048 ğŸ‡ºğŸ‡¸ @boltz1x  5âƒ£ 10591 ğŸ‡ºğŸ‡¸ @ThreatsFN  6âƒ£ 9660 ğŸ‡¹ğŸ‡· @MuzFN  7âƒ£ 9615 ğŸ‡¨ğŸ‡¦ @Kbmrapid  8âƒ£ 9088 ğŸ‡ºğŸ‡¸ @sphinxfn  9âƒ£ 9063 ğŸ‡¨ğŸ‡¦ @Avivv5  ğŸ”Ÿ 8694 ğŸ‡ºğŸ‡¸ @paper_fn https://t.co/0dVvdECI5S
HYPEX,,8/1/2024 15:07,N/A,N/A,N/A,N/A,N/A,Fortnite Chapter 1 Season X dropped 5 YEARS AGO â€¼ï¸ğŸ¥² https://t.co/XJrOQBAnVM
HYPEX,,8/1/2024 0:02,N/A,N/A,N/A,N/A,N/A,"Lethal Company x Fortnite Returns (2,100 Bundle) â€¼ï¸  REMINDER: A FREE Emoticon Reward is given out for just entering creator codes â€” Use Code ""HYPEX"" to claim it if you'd like â¤ï¸ #EpicPartner https://t.co/BCz6QAOAhc"
HYPEX,,7/31/2024 16:56,N/A,N/A,N/A,N/A,N/A,"Lethal Company x Fortnite is set to return tonight after 55 Days, according to the leaked Shop dates â€¼ï¸ https://t.co/upHyGU7gD2"
HYPEX,,7/31/2024 15:07,N/A,N/A,N/A,N/A,N/A,Fortnite Reload Cups CONFIRMED Tomorrow for the FIRST TIME â€¼ï¸ğŸ”¥  EU | 4:30 PM CEST NA | 5:30 PM EST https://t.co/Lv2JBaJDLn
HYPEX,,7/31/2024 0:01,N/A,N/A,N/A,N/A,N/A,"STAR WARS x FORTNITE RETURN AFTER 70+ DAYS â€¼ï¸  REMINDER: A FREE Emoticon Reward is given out for just entering creator codes â€” Use Code ""HYPEX"" to claim it if you'd like â¤ï¸ #EpicPartner https://t.co/iLKwQZVvWR"
HYPEX,,7/30/2024 17:20,N/A,N/A,N/A,N/A,N/A,"NEW UPDATE CONFIRMED @ AUGUST 6 ğŸ”¥  It's *RUMORED* to have a 'FNAF x Fortnite' Collab since FNAF announced that they have a ""Secret Collab"" on that same day.. https://t.co/aQs3t2G5c2 https://t.co/KEnMG1A9lA"
HYPEX,,7/30/2024 13:04,N/A,N/A,N/A,N/A,N/A,NEW UPDATE: Med-Mist Returns â€¼ï¸ https://t.co/4jjRDE69s5
HYPEX,,7/30/2024 0:05,N/A,N/A,N/A,N/A,N/A,"NEW SKIN OUT NOW â€¼ï¸  REMINDER: A FREE ""Giddy Syrup"" Emoticon is given out for just entering creator codes â€” Use Code ""HYPEX"" to claim it if you'd like â¤ï¸ #EpicPartner https://t.co/AOHPpChU0n"
HYPEX,,7/30/2024 0:00,N/A,N/A,N/A,N/A,N/A,"NEW SKIN OUT NOW â€¼ï¸  REMINDER: A FREE Reward is given out for entering creator codes â€” Use Code ""HYPEX"" to claim it if you'd like â¤ï¸ #EpicPartner https://t.co/eh16x9Yofw"
HYPEX,,7/29/2024 16:54,N/A,N/A,N/A,N/A,N/A,This should be the highlights of tonight's Item Shop if this list is still correct so far â€¼ï¸ https://t.co/XTrT9LV94t https://t.co/CgXvT4Nb4R
HYPEX,,7/31/2024 17:35,N/A,N/A,N/A,N/A,N/A,"If FNAF only collabs with stumble guys, the Fortnite community will have a melt down https://t.co/kj2RBcDU2h"
HYPEX,,7/30/2024 17:28,N/A,N/A,N/A,N/A,N/A,FNAF finally happening August 6th?? https://t.co/2GUmxoX8YA
,Fortnite Update,7/29/2024 22:43,N/A,N/A,N/A,N/A,N/A,"Fortnite FINAL Update! (Stark DOOM, Event, Lego, LEAKS) https://t.co/6rjl41hIxy via @YouTube"
,Fortnite,7/29/2024 21:26,N/A,N/A,N/A,N/A,N/A,Apex legends crossover one day? #Fortnite https://t.co/ZSV7gvGsBI
HappyPower,,7/28/2024 20:15,N/A,N/A,N/A,N/A,N/A,Robert Downey Jr. Icon skin leak!! https://t.co/ChxPX9Yq9S
HappyPower,,7/28/2024 20:02,N/A,N/A,N/A,N/A,N/A,"Man I miss Donald Mustard. Best of luck in the Marvel franchise, I cannot wait to see the new Avengers in a few years. https://t.co/M7P8ZmbP0s"
HappyPower,,7/28/2024 4:31,N/A,N/A,N/A,N/A,N/A,"Fortnite is selling a Peely ""holder"" that can hold all sorts of stuff. This is so funny and cool. #Fortnite   -Found on Amazon, but it is sold out right now.  cc: @Be11atrix12 https://t.co/f645z3lesB"
HappyPower,,7/28/2024 2:34,N/A,N/A,N/A,N/A,N/A,This is actually wild. https://t.co/Xv9eqY89vb
HappyPower,,7/27/2024 18:12,N/A,N/A,N/A,N/A,N/A,This is going to be so cool. I hope someone brings back all the classic LTM's/Marvel LTM. https://t.co/2Daeqhh756
HappyPower,,7/26/2024 19:35,N/A,N/A,N/A,N/A,N/A,"Community check-in: How do you guys feel about Fortnite, are you enjoying the season? #fortnite  Curious to see where everyone's heads at moving forward, are you excited for Season 4's Marvel Season? https://t.co/NqzKTCtgaN"
,Fortnite Update,8/1/2024 13:26,N/A,N/A,N/A,N/A,N/A,New Fortnite update fire. https://t.co/Nsxhf5wHgr
,Fortnite Update,8/1/2024 12:47,N/A,N/A,N/A,N/A,N/A,Hi @FortniteStatus after the recent update I along with many of my friends have been getting High Ping on the Middle East Server. I have restarted my Router and everything that can be done to prevent this. Its only in fortnite where middle east servers are giving highping anyfix?
,Fortnite Update,8/1/2024 12:16,N/A,N/A,N/A,N/A,N/A,"The ""FIVE NIGHTS AT FREDDY'S"" collaboration will now be revealed a day before the next Fortnite Update drops â€¼ï¸  The announcement takes place on August 5, the Fortnite update drops on August 6 at 4am ET!  We'll find out on Monday if it's a Fortnite collab or not... https://t.co/b2DUIq26d3"
,Fortnite Update,8/1/2024 11:44,N/A,N/A,N/A,N/A,N/A,Fortnite x Godzilla update just dropped https://t.co/xv9YH7UFnU
,Fortnite Update,8/1/2024 10:28,N/A,N/A,N/A,N/A,N/A,"MHA announcement on the Fifth, Fortnite update on the Sixthâ€¦ https://t.co/DDdYHY0Qrt"
,Fortnite Update,8/1/2024 9:50,N/A,N/A,N/A,N/A,N/A,ã€æ³¨ç›®ã®å³¶ã€‘(ANIME UPDATE) GOLDDUST: BOSSFIGHTğŸ‘¾FPS (ANIME UPDATE) GOLDDUST: BOSSFIGHTğŸ‘¾FPS - qebab the goat å³¶ã‚³ãƒ¼ãƒ‰: 2448-3730-5866 https://t.co/fhNTp4lbin #Fortnite #UEFN https://t.co/qi41RZzmac
,Fortnite Update,8/1/2024 9:32,N/A,N/A,N/A,N/A,N/A,"The ""FIVE NIGHTS AT FREDDY'S"" collaboration will now be revealed a day before the next Fortnite Update drops â€¼ï¸   The announcement takes place on August 5, the Fortnite up  date drops on August 6 at 4am ET!   We'll find out on Monda y if it's a Fortnite collab or not.. https://t.co/Nb19wQwQ7c"
,Fortnite Update,8/1/2024 9:02,N/A,N/A,N/A,N/A,N/A,"The ""FIVE NIGHTS AT FREDDY'S"" collaboration will now be revealed a day before the next Fortnite Update drops â€¼ï¸  The announcement takes place on August 5, the Fortnite update drops on August 6 at 4am ET!  We'll find out on Monday if it's a Fortnite collab or not... https://t.co/Fqte6HA4Ed"
,Fortnite Update,8/1/2024 8:41,N/A,N/A,N/A,N/A,N/A,update idk where he is i planned to abandon all my pride and ask my homophobic crazy christian uncle for help but he didnt answer when i rang his door so now i will just play fortnite and then go back to my room and pretend he was never there https://t.co/a9KVLIk57O
,Fortnite Update,8/1/2024 8:33,N/A,N/A,N/A,N/A,N/A,Here is a look at the Cybertruck in the latest Fortnite update!  This is great advertisement as Fortnite has a huge user base (650 million) with 230 million monthly active players. The average age of Fortnite players is 16 years old with 63% of players aged between 18-24.  $TSLA https://t.co/Aamq0Wwukg
,Fortnite Update,8/1/2024 14:55,N/A,N/A,N/A,N/A,N/A,"Fortnite, there are Chapter 5 weapons in the tournament and no points. Please fix this (fists especially) @FortniteGame @FNCompetitive @FortniteStatus https://t.co/yMTQVjCHSE"
,Fortnite Tournament,8/1/2024 14:28,N/A,N/A,N/A,N/A,N/A,"https://t.co/vpau9wBA4l  fortnite tournament, #epicgames #fortnite #twitch"
,Fortnite Tournament,8/1/2024 12:03,N/A,N/A,N/A,N/A,N/A,Fortnite Reload Tournament tonight at 5:30 PM ET @FortniteGame @EpicGames #Fortnite #FortniteCh53 #FortniteC5S3Wrecked #FortniteReload https://t.co/l9MKLbFyiJ
,Fortnite Tournament,8/1/2024 11:09,N/A,N/A,N/A,N/A,N/A,"However, they should implement a tournament system like the ones in Fortnite on Warzone too, right now the game is boring, not much to do and few tournaments to compete in"
,Fortnite Tournament,8/1/2024 10:03,N/A,N/A,N/A,N/A,N/A,"When Is the Fortnite Reload Cup (&amp; How to Participate): Fortnite is hosting its first Reload tournament ever, and gamers won't want to miss out on this opportunity. https://t.co/YwqwXcURpg https://t.co/jZyCyQE1is"
,Fortnite Tournament,8/1/2024 10:00,N/A,N/A,N/A,N/A,N/A,We're shooting our shot today with Fortnite at 5 p.m. EST âœŒï¸ğŸ˜  Joining in on the tournament at 5:30 p.m. EST. https://t.co/suQeMx0YCB
,Fortnite Tournament,8/1/2024 8:29,N/A,N/A,N/A,N/A,N/A,people should watch one average tournament of fortnite before saying that rocket league is more skill challenging https://t.co/OXOcIzLDHu
,Fortnite Tournament,8/1/2024 6:39,N/A,N/A,N/A,N/A,N/A,The Olympics needs a Fortnite tournament but the requirement is theyâ€™re under 4 years old
,Fortnite Tournament,8/1/2024 4:30,N/A,N/A,N/A,N/A,N/A,"Came up with a dope idea for esports that Faze could run: - Multi title tournament. e.g The four games could be COD, Halo, Fortnite and CSGO. Each org has to come up with a team made up of one pro from each title. All fanbases coming together from different esports. The viewss ğŸ‘€"
,Fortnite Tournament,8/1/2024 1:15,N/A,N/A,N/A,N/A,N/A,Always get excited to play a fn tournament then some bs happens and i remember how delusional i an to be excited to play fortnite lmao
Fortnite Status,,8/1/2024 15:18,N/A,N/A,N/A,N/A,N/A,We encountered a few issues with the Reload Cup. A fix has been deployed and we will be restarting the tournament shortly. https://t.co/o2QwlmyW0v
Fortnite Status,,7/31/2024 23:06,N/A,N/A,N/A,N/A,N/A,We're aware some players may be encountering issues using Voice Chat in-game. We're currently investigating and will provide an update when we have one. https://t.co/wJinWdylWj
Fortnite Status,,7/31/2024 21:42,N/A,N/A,N/A,N/A,N/A,We are aware players may encounter issues with Ship in a Bottle or Nitro Fists after entering/exiting a Cybertruck and are actively working on a fix. https://t.co/OUtdZuZmLN
Fortnite Status,,7/31/2024 16:52,N/A,N/A,N/A,N/A,N/A,We are currently investigating an issue causing a delay in receiving the XP from Creative Quests and will provide an update as soon as we have resolved the issue. https://t.co/gQrafbaY3U
Fortnite Status,,7/31/2024 13:39,N/A,N/A,N/A,N/A,N/A,We are aware that players have been disqualified from recent tournaments. We are investigating this issue and will provide an update as soon as it is resolved. https://t.co/K71Y5AAEf3
Fortnite Status,,7/30/2024 21:11,N/A,N/A,N/A,N/A,N/A,We are aware players may be experiencing performance issues on some Android devices and are actively investigating. https://t.co/FpXfbWFoll
Fortnite Status,,7/30/2024 13:11,N/A,N/A,N/A,N/A,N/A,Weâ€™ve resolved an issue where some players were unable to load into Fortnite Creative mode. https://t.co/x0bIcnM5fe
Fortnite Status,,7/29/2024 16:02,N/A,N/A,N/A,N/A,N/A,We're aware of a delay spanning several seconds between completing a purchase and you receiving your items. Please allow this purchase to completeÂ  and your items to be delivered before attempting others. https://t.co/N3Gfhp6wvh
Fortnite Status,,7/26/2024 14:10,N/A,N/A,N/A,N/A,N/A,Heads up! Slurp Cacti will temporarily not respawn after being destroyed between July 26 and July 29. ğŸŒµ  Slurp Cacti will respawn regularly again after July 29. https://t.co/qZc1CbzKh8
HYPEX,,8/2/2024 18:51,220,902,252,N/A,N/A,"If Fortnite goes FULL Marvel Battle Pass in CH5 Season 4, which Marvel Lineup would you like to see â‰ï¸ğŸ‘€ https://t.co/p4SZgOZ9cd"
HYPEX,,8/2/2024 15:12,843,295,212,N/A,N/A,2 WEEKS UNTIL FORTNITE CH5 SEASON 4 ğŸ”¥ https://t.co/roiTLZKYxQ
HYPEX,,8/2/2024 0:00,217,103,91,N/A,N/A,"'MY HERO ACADEMIA x FORTNITE' Returns to pay homage to the Manga's conclusion â€¼ï¸  Use code ""HYPEX"" to claim the FREE Emoticon Reward if you haven't already â¤ï¸ #EpicPartner https://t.co/pbDL5vYpTl"
HYPEX,,8/1/2024 21:11,244,126,29,N/A,N/A,Fortnite removed the AI Thumbnail from their tweet ğŸ‘€â€¼ï¸ https://t.co/8pphfFPF06
HYPEX,,8/1/2024 17:44,202,299,170,N/A,N/A,"My Hero Academia x Fortnite is set to return tonight after 50 days, according to the leaked Shop dates â€¼ï¸ https://t.co/6PlnnTc5Vs"
HYPEX,,8/1/2024 15:07,625,253,248,N/A,N/A,Fortnite Chapter 1 Season X dropped 5 YEARS AGO â€¼ï¸ğŸ¥² https://t.co/XJrOQBAnVM
HYPEX,,8/1/2024 0:02,76,42,11,N/A,N/A,"Lethal Company x Fortnite Returns (2,100 Bundle) â€¼ï¸  REMINDER: A FREE Emoticon Reward is given out for just entering creator codes â€” Use Code ""HYPEX"" to claim it if you'd like â¤ï¸ #EpicPartner https://t.co/BCz6QAOAhc"
HYPEX,,7/31/2024 16:56,125,108,26,N/A,N/A,"Lethal Company x Fortnite is set to return tonight after 55 Days, according to the leaked Shop dates â€¼ï¸ https://t.co/upHyGU7gD2"
HYPEX,,7/31/2024 15:07,221,119,36,N/A,N/A,Fortnite Reload Cups CONFIRMED Tomorrow for the FIRST TIME â€¼ï¸ğŸ”¥  EU | 4:30 PM CEST NA | 5:30 PM EST https://t.co/Lv2JBaJDLn
HYPEX,,7/31/2024 0:01,87,103,23,N/A,N/A,"STAR WARS x FORTNITE RETURN AFTER 70+ DAYS â€¼ï¸  REMINDER: A FREE Emoticon Reward is given out for just entering creator codes â€” Use Code ""HYPEX"" to claim it if you'd like â¤ï¸ #EpicPartner https://t.co/iLKwQZVvWR"
,Fortnite Update,8/2/2024 20:45,0,0,0,N/A,N/A,Fortnite Reboot chapter 2&amp;1 New Update â›”ï¸â›”ï¸ Helicopter added ğŸš  Cars added ğŸš— Vending machine ğŸª™ secret vaultğŸ’° 2405-1510-5935 @ImmatureGamerX https://t.co/ClVVT8XOjp
,Fortnite Upate,8/2/2024 20:28,0,0,0,N/A,N/A,"Hello @FortniteStatus, Have you patched Fortnite Mobile? I don't know because I deleted Fortnite and I'm waiting for you to fix it. Are you going to release a fix for Fortnite Mobile on the new August 5 update?"
,Fortnite Update,8/2/2024 20:24,0,0,0,N/A,N/A,UPDATE:  It was not my pc's fault it was fortnite and now everything is fixed and i will be making a comeback to fortnite and winning all upcoming tourneys
,Fortnite Update,8/2/2024 20:06,0,0,0,N/A,N/A,How do we creators of Fortnite Creative maps get the newest wall builds that people can mantle on in our maps published before this last update? Any help would be appreciated!ğŸŒ @FNCreate @FortniteStatus @NorCal_Esports @kye5s
,Fortnite Update,8/2/2024 20:01,0,0,0,N/A,N/A,"my  fortnite feel , fortnite update ride the lightning my  ride the lightning feel  I kiske wife"
,Fortnite Update,8/2/2024 19:51,0,0,0,N/A,N/A,My little brother was supposed to be learning to bake and making ape crumble.. UPDATE: heâ€™s left me to make it and went and sat on Fortnite screaming his lungs out ğŸ‘ğŸ½ğŸ¤ 
,Fortnite Update,8/2/2024 19:32,1,1,0,N/A,N/A,"The new â€œSleeping the Nightâ€ mechanic in LEGO Fortnite has been delayed, itâ€™ll release in a future update.ğŸ‘€ https://t.co/xyuwCHZt7W"
,Fortnite Update,8/2/2024 18:41,0,0,0,N/A,N/A,"um @FortniteGame @EpicGames @FortniteStatus can we please update the cybertruck to be a 4 seater, where the other 2 passengers ARENâ€™T sitting in the bed of the carâ€¦? thatâ€™s the ONLY thing i would ask to be changed #Fortnite #epicgames"
,Fortnite Update,8/2/2024 18:34,0,3,0,N/A,N/A,if fortnite comes out with a fnaf update i will post a 1 min video
,Fortnite Update,8/2/2024 18:24,0,2,0,N/A,N/A,"It's low key kinda fuckin' crazy how Fortnite keeps getting more and more unplayable the more they update it  Like I was playing with a friend earlier today, and I had zero performance issues  I tried playing again tonight and like, my PC started freezing for like 5-10 seconds"
,PeterBot,8/2/2024 20:14,0,0,0,N/A,N/A,peterbot https://t.co/SqnMXCBb5e
,PeterBot,8/2/2024 19:50,0,0,0,N/A,N/A,imagine peterbot and veno as a duo ğŸ‘€
,PeterBot,8/2/2024 19:49,0,0,0,N/A,N/A,peterbot is the sukuna of fortnite
,PeterBot,8/2/2024 17:45,0,0,0,N/A,N/A,What is the best Prime ever seen in Fortnite? for me it's peterbot and mongraal
,PeterBot,8/2/2024 16:02,0,0,0,N/A,N/A,Did Peterbot and pollo deserve the win? #RegalEsports https://t.co/YWKuqRJBh8
,PeterBot,8/2/2024 13:50,0,5,0,N/A,N/A,"Wait Peterbot won an fncs with Bylah while Bucke can't win with Khanada, Mackwood, Kreo, Okis, and Peterbot himselfğŸ˜­ğŸ˜­ğŸ˜­ğŸ˜­ğŸ’€ğŸ’€ğŸ’€"
,PeterBot,8/2/2024 12:39,0,0,0,N/A,N/A,âš¡ï¸ Join ADA pump today!â¡ï¸https://t.co/rsB2kAO24j â—ï¸ One hour left until the channel closes â—ï¸  @codebynikhil @TDL_peterbot @tw1tter_shitter @sucette02
,PeterBot,8/2/2024 12:25,0,0,0,N/A,N/A,Peterbot is crazy
,PeterBot,8/2/2024 12:18,0,0,0,N/A,N/A,Peterbot gets caught 4k https://t.co/2NrFkhGyx5
,PeterBot,8/2/2024 11:44,0,16,0,N/A,N/A,"UNPOPULAR OPINION ğŸ’¡    â€œPeterbot is the most overrated player ever he has never won a grands with out a busted poi collider, grim, redline â€       AGREE or DISAGREE ğŸ§  Follow us and DM your unpopular opinion for the chance to be posted"
,Fortnite,8/2/2024 21:11,0,0,0,N/A,N/A,If you can see this tweet I expect you to tune into my stream today at 6 pm east we playing some Fortnite and getting the cyber truck https://t.co/5pFU8CxG5N
,Fortnite,8/2/2024 21:11,0,0,0,N/A,N/A,"So does anyone else just like to destroy those vending machines that heal you in fortnite?  Like, you get what you need, heal, and destroy them so nobody else uses them?  So they can only heal you.  Nobody else.  Only you.  Does anyone else like to do that or https://t.co/wNeOhKQs9b"
,Fortnite,8/2/2024 21:11,0,0,0,N/A,N/A,ASI DE FACIL es GANAR 100 DOLARES en FORTNITE ğŸ¥‡ https://t.co/EvmgF6hFNd https://t.co/EvmgF6hFNd https://t.co/EvmgF6hFNd LIKE PORFA #DragnsForce https://t.co/EFmWMoWgas
,Fortnite,8/2/2024 21:11,0,0,0,N/A,N/A,i want to draw parents of existing fortnite characters euuuuhhhhhheuueuu
,Fortnite,8/2/2024 21:11,0,0,0,N/A,N/A,Unlock Fortnite Free Lego Skin: Epic x LEGO Collaboration Details #GamingCommunity https://t.co/tnAaLoe3Br
,Fortnite,8/2/2024 21:10,0,0,0,N/A,N/A,"Me vi obligado a opinar del torneo de reload en directo.  ""Este torneo no te va a servir para nada""  #Fortnite #competicionfortnite #reload https://t.co/Z53b8FaO3I"
,Fortnite,8/2/2024 21:10,0,0,0,N/A,N/A,You what play Fortnite with me @HypnoticLisa29  ğŸ‘ğŸ‘€
,Fortnite,8/2/2024 21:10,0,0,0,N/A,N/A,HOLY SHIT GUYS FORTNITE X EMINEM+?!??!?!? https://t.co/qtYnPBmV87
,Fortnite,8/2/2024 21:10,0,1,0,N/A,N/A,Hola! Es viernes y que significa eso? jueguitos y ser tryhard ğŸ˜ˆ Tal vez #PokemonUnite o #Fortnite? Veremos... Ahora en #stream por #twitch âš¡ï¸ https://t.co/CwamslmvUu https://t.co/1STf61O7aB
,Fortnite,8/2/2024 21:10,0,0,0,N/A,N/A,"Canâ€™t wait to stream FC 24 big soccer game fan so letâ€™s go!  Def wanna play other games besides OW2 , COD and Fortnite"
FNCreate,,8/2/2024 23:45,12,4,1,N/A,N/A,These fin-tastic views of Aquarium Escape Room are to dive for ğŸ˜  ğŸ“·: @Enderbite https://t.co/jcVoGGQVU7
FNCreate,,8/2/2024 19:03,9,7,0,N/A,N/A,Weâ€™re ready for round 2 ğŸ¤˜ğŸ”¥ https://t.co/SbKzsN7HTA
FNCreate,,8/2/2024 17:32,11,5,0,N/A,N/A,"welp, we're not getting any sleep tonight ğŸ˜¨ https://t.co/nEldgGuIyC"
FNCreate,,8/2/2024 15:30,28,8,6,N/A,N/A,How did @magnopus create the ultimate @Metallica experience with UEFN?  Take a look behind-the-scenes of Metallica: Fuel. Fire. Fury. now: https://t.co/VbY6inxRqj https://t.co/3bzKA26OLu
FNCreate,,8/1/2024 20:14,14,3,0,N/A,N/A,when in doubt add some stylish blue crystal lamp structures https://t.co/KL8eJ1rmQF
FNCreate,,8/1/2024 18:02,15,4,0,N/A,N/A,Dizzy but dazzled by all the rides in Amusement Park Tycoon ğŸ†ğŸ¢ğŸ   ğŸ“·: @mara_blind https://t.co/Qb2s9GucBl
FNCreate,,8/1/2024 16:08,26,6,4,N/A,N/A,"âš¡ This update is high voltage, absolutely electrifying âš¡ https://t.co/r6WWsf0sME"
FNCreate,,8/1/2024 13:05,14,51,6,N/A,N/A,Do you ever just wake up and have the perfect idea for a new island?
FNCreate,,7/31/2024 20:35,28,18,2,N/A,N/A,Playtesting is an important step on the road to project completion. It helps make sure players aren't stuck in a jam trying to cross the road ğŸš— https://t.co/jq34BYVyP1
FNCreate,,7/31/2024 18:00,85,30,11,N/A,N/A,Do you have the Hart to explore the dark history of this island? ğŸ˜±  ğŸ¥: @hartislandgame https://t.co/hPV0czs0TB
FBRFeed,,8/3/2024 0:02,1,1,0,N/A,N/A,El ChapulÃ­n Colorado has returned in the shop after 820 days! https://t.co/CvuinU3MZR
FBRFeed,,8/1/2024 14:44,25,2,1,N/A,N/A,hollywood has become a fortnite lobby right now ğŸ’€ https://t.co/w30u2CqUfR
FBRFeed,,7/30/2024 14:01,4,2,0,N/A,N/A,New Metallica Jam Tracks! https://t.co/mNqGpshad8FNcompReport
FNcompReport,,8/3/2024 17:10,1,38,3,N/A,N/A,"What is the BEST shotgun in Fortnite history and what is the most BALANCED shotgun in Fortnite history? ğŸ§  I would say best = Havoc, balanced = sharptooth or striker https://t.co/6Y4qFRJvaS https://t.co/zhiTR1xnGX"
FNcompReport,,8/2/2024 20:08,13,15,2,N/A,N/A,"Last weekend during FNCS Grand Finals @Clix had the stream with the highest peak viewers of all of twitch for the week &amp; NA Grand Finals broke its viewership record with 372,577 peak viewers (previously 345,655)  Absolute Cinema. https://t.co/ALm4475lzg https://t.co/Flr45H2C8E"
FNcompReport,,8/1/2024 19:27,28,24,3,N/A,N/A,Ninjaâ€™s impression of Clix getting griefed in FNCS ğŸ˜­ https://t.co/cSM88tq1hl
FNcompReport,,8/1/2024 3:17,51,36,7,N/A,N/A,"Reet just qualified to ASIA, Brazil, EU, and NA Cash Cup Finals on the same day  Cross-Region cash cup goat ğŸ https://t.co/tX5GZT1XRJ https://t.co/XFC0qcZkrV"
FNcompReport,,8/1/2024 3:17,0,0,0,N/A,N/A,"Reet just qualified to ASIA, Brazil, EU, and NA Cash Cup Finals on the same day  Cross-Region cash cup goat ğŸ https://t.co/akYdf9fuZ5 https://t.co/YfgWd2n2jX"
FNcompReport,,7/31/2024 19:06,0,6,1,N/A,N/A,"EWC UPDATE:  Middle East online qualifier team Mshary, Balor, Nm7, and FHD have been disqualified (Mshary banned) and replaced with team K0ty, Kyry, Kalgamer, and SaLva  Updated look at rosters/teams &amp; groups https://t.co/fKL7GsqYwE https://t.co/MOBNxBmkk3"
FNcompReport,,7/31/2024 15:07,9,22,4,N/A,N/A,NEW TOURNMAENT: RELOAD CUP  ğŸ«‚ Squads ğŸ† Battle Royale &amp; Zero Builds ğŸ“… EU &amp; NA 8/1 ğŸ’° None (test cup) https://t.co/5AHRRwkct1 https://t.co/Bq4kJYM79U
FNcompReport,,7/30/2024 22:40,12,42,1,N/A,N/A,FNCS Major in OG Chapter 2 ğŸ§  What game mode would you want it to be? https://t.co/nDaMNiRLuI
FNcompReport,,7/30/2024 19:25,38,150,9,N/A,N/A,Peterbot &amp; Pollo this year in FNCS:  2nd C5S1 1st C5S2 1st C5S3  Where do they rank in the world heading into Globals? https://t.co/esrb4bqUuD https://t.co/XpAYxfjDBD
FNcompReport,,7/29/2024 20:53,36,13,2,N/A,N/A,"First game with FNCS Axe, 36 kill win in Solo Victory Cup finals ğŸ˜³ @Vicotryona https://t.co/GAeqQqjvgc"
FNcompReport,,7/29/2024 20:22,148,44,2,N/A,N/A,Dying in solo victory cup then getting FNCS pickaxe is a crazy vibe switch ğŸ˜­  W @Vicotryona https://t.co/txhVWp9eRW
FNcompReport,,7/29/2024 19:49,15,30,3,N/A,N/A,ğŸ‡ºğŸ‡¸ 16 ğŸ‡¯ğŸ‡µ 10 ğŸ‡§ğŸ‡· 8 ğŸ‡¦ğŸ‡ºğŸ‡©ğŸ‡ª 6 ğŸ‡µğŸ‡± 5 ğŸ‡©ğŸ‡°ğŸ´ó §ó ¢ó ¥ó ®ó §ó ¿ğŸ‡¸ğŸ‡¦ 4 ğŸ‡¨ğŸ‡¦ğŸ‡²ğŸ‡½ 3 ğŸ‡¦ğŸ‡·ğŸ‡«ğŸ‡·ğŸ‡®ğŸ‡³ğŸ‡·ğŸ‡¸ğŸ‡ºğŸ‡¦ğŸ‡·ğŸ‡ºğŸ‡¸ğŸ‡ªğŸ‡ªğŸ‡¸ 2 ğŸ‡¦ğŸ‡¹ğŸ‡§ğŸ‡­ğŸ‡§ğŸ‡¦ğŸ‡§ğŸ‡ªğŸ‡¨ğŸ‡ºğŸ‡¨ğŸ‡¿ğŸ‡±ğŸ‡»ğŸ‡³ğŸ‡¿ğŸ‡µğŸ‡°ğŸ‡°ğŸ‡·ğŸ‡¸ğŸ‡®ğŸ‡¨ğŸ‡­ğŸ‡¹ğŸ‡·ğŸ‡¦ğŸ‡ªğŸ‡¾ğŸ‡ª 1
FNcompReport,,7/29/2024 18:21,4,12,0,N/A,N/A,FNCS GLOBAS UPDATE:  Middle East 4th place team Smiky &amp; Snowy have been banned for apparently teaming in Semi's and Grands. @MiloHalal &amp; @pixobangi will replace them in 4th and now Qualify to Globals https://t.co/HOMRaZ6lLA
FNcompReport,,7/29/2024 18:04,0,1,1,N/A,N/A,How fast Ivan can go from hating on a duo &amp; shitting on Clix everyday to then sucking him off nonstop HAS to be studied https://t.co/piogMNbhnr
FNcompReport,,7/29/2024 16:33,57,32,4,N/A,N/A,"The ONLY 2 players to qualify to the World Cup, FNCS Invitational, FNCS Globals 2023 Finals, and FNCS Globals 2024:  Bugha Th0masHD https://t.co/X6ltS7mKCa https://t.co/03YHFadv3G"
Unknown,,8/5/2024 0:04,1594,69,53,10,No attachments,"Billie Eilish has returned alongside the ""ULTRA SOUR"" wrap after 1644 DAYS, it was the second rarest non-exclusive Item Shop wrap â€¼ï¸  Use Code ""Shiina"" to claim your FREE emoticon, and to support me if you want to, thank you! â¤ï¸ #EpicPartner https://t.co/3IDtfszzgS https://t.co/jcVK0FUvzS"
Unknown,,8/4/2024 18:11,6563,286,417,373,No attachments,"Scott Cawthon (FNAF Creator) on collaborations:  ""I'm careful with collaborations because [...] I want to make sure that FNAF stays as FNAF. There are some games where even if I really enjoy the game, [...] it feels like a mismatch.""  (via @dawkosgames &amp; @SamLeakss) https://t.co/6fvKdmsjkJ https://t.co/7YsVnlqA1M"
Unknown,,8/4/2024 15:45,5508,339,175,39,No attachments,WHAT TO EXPECT IN TUESDAY'S UPDATE:  - New Cosmetics - Season 4 (Marvel) Leaks &amp; Teasers - End of Season Mini-Event - Big LEGO Update - Rubius ICON Skin? - Added Shop Sections - Fall Guys Battle Royale Update - Other New Collabs? ğŸ‘€ https://t.co/p0oWJVcHkS
Unknown,,8/4/2024 15:05,6785,245,465,68,No attachments,Do you want Stark Industries to return next season? ğŸ‘€ https://t.co/rB21ylnpW0
Unknown,,8/4/2024 0:50,16956,857,232,119,No attachments,"In less than 48 hours, we will have our answer  It's all or nothing... https://t.co/QvFMtLbysu"
Unknown,,8/4/2024 0:01,2043,101,158,70,No attachments,"NEW ""NO TEARS"" ICON EMOTE OUT NOW!! ğŸ”¥  Use Code ""Shiina"" to claim your FREE emoticon, and to support me if you want to, thank you! â¤ï¸ #EpicPartner https://t.co/uwZBGFG8CM"
Unknown,,8/3/2024 19:24,7270,376,746,254,No attachments,RUBIUS IS LIKELY GETTING A FORTNITE ICON SKIN SOON ğŸ”¥  He just posted this teaser on his social media accounts â€¼ï¸  https://t.co/XPfGDZtgUD
Unknown,,8/3/2024 16:46,5342,148,1834,160,No attachments,Have you already reached Level 200 in Season 3? ğŸ‘€ https://t.co/Df3DD15X2l
Unknown,,8/3/2024 0:00,7298,483,237,239,No attachments,"EL CHAPULÃN COLORADO has returned after 820 days!! ğŸ”¥  Use Code ""Shiina"" to claim your FREE emoticon, and to support me if you want to, thank you! â¤ï¸ #EpicPartner https://t.co/GgonYb8M9e"
Unknown,,8/2/2024 14:16,2143,95,102,15,No attachments,"The ""Defeat a Dueling character with a pistol or melee weapon"" quest just got disabled for all players ğŸ‘€  It has been replaced with ""Collect gifts from characters"" https://t.co/hBXLTyXx2P"
Unknown,Fortnite Update,8/5/2024 5:21,0,0,0,0,,Itâ€™s 1:30 where I am chat but Fortnite update so sleep deprived all day ig
Unknown,Fortnite Update,8/5/2024 3:29,8,0,1,0,,Back in 2018 I downloaded it for Fortnite update information and then I stumbled across nba twitter a couple years later https://t.co/zOydG5ELNx
Unknown,Fortnite Update,8/5/2024 3:09,1,0,0,0,,ğŸ¤”Is there any hope left? ğŸ§ #Fortnite #Update #FNAF https://t.co/0dPMLFgZ7m
Unknown,Fortnite Update,8/5/2024 2:20,0,0,0,0,No attachments,WHAT TO EXPECT FROM THE NEXT UPDATE: - New Skins - Big update in Lego Mode - New skin series Rubius icons (?) - New Sections added to the API - Season 3 Mini-Event - Fallguys update and news - Leaks and News of the season Marvel (?) - And Much More...   #fortnite #FortniteLeaks https://t.co/D2LzuTpvk3
Unknown,Fortnite Update,8/5/2024 1:59,0,0,1,0,No attachments,"""Talking about Update v30.40 (hopefully) &amp; cleaning up"" LEGO Fortnite Li... https://t.co/eEAE3qfJLN via @YouTube @LEGOFortnite https://t.co/6VZDXPcggr"
Unknown,Fortnite Update,8/5/2024 1:58,25,4,2,0,No attachments,"EVENT BUILDUP | ğŸ’¡ #Fortnite #FortniteWrecked  There is a chance that on next update, the remaining files of the pipes get updated.  The pipes use an dynamic material instance, that can be updatdd with parameters  To sum, it means that nitro could slowly flow and fill the pipes- https://t.co/PNFSNOW36R"
Unknown,Fortnite Update,8/5/2024 0:46,41,5,3,0,No attachments,With Fortnite x Fall Guys launching soon we might actually see an update to this screen ğŸ”¥  #Fortnite https://t.co/2zb7ZFS63N
Unknown,Fortnite Update,8/5/2024 0:40,0,0,0,0,,I think Epic Games should give me an Olympic medal for waiting half a fuckin hour for Fortnite to update.
Unknown,Fortnite Update,8/5/2024 0:39,0,0,0,0,No attachments,"Fortnite item shop update: Ultra rare Fortnite Items Return to the Item Shop August 5, 2024  The video discusses the return of several rare and limited-time items in the Fortnite item shop, including Ultra Sour, Armadillo, Sour Striker, and Billy Eilish, after long periods ofâ€¦ https://t.co/8PfJ96kGkr https://t.co/TmWo0u3qAT"
Unknown,Fortnite Update,8/5/2024 0:14,0,0,0,0,,Update to the Casually Fortnite with @CasualCoo ! https://t.co/oxoAj8cD34
HappyPower,,8/5/2024 16:20,218,10,23,1,,Welp it might just be a clothing collaboration LOL https://t.co/qFpYwI18zn
HappyPower,,8/5/2024 16:15,281,7,5,0,,Stumble guys is really playing with us bruh https://t.co/LJIzar3P9J
HappyPower,,8/5/2024 16:04,149,3,2,0,,New Teaser trailer for Fall Guys x Fortnite! https://t.co/0Jh3fzgp6p
HappyPower,,8/5/2024 16:20,218,10,23,1,,Welp it might just be a clothing collaboration LOL https://t.co/qFpYwI18zn
HappyPower,,8/5/2024 16:15,283,7,5,0,,Stumble guys is really playing with us bruh https://t.co/LJIzar3P9J
HappyPower,,8/5/2024 16:04,150,3,2,0,,New Teaser trailer for Fall Guys x Fortnite! https://t.co/0Jh3fzgp6p
HappyPower,,8/4/2024 17:27,390,34,20,1,,24 hours remain to see if we actually get Fortnite x FNAF.. #Fortnite   concept by: @ChillDoggi https://t.co/xoJFfdFgGL
HappyPower,,8/4/2024 16:33,1314,67,7,3,,I saw this on Reddit. I am convinced these two share a brain cell. ğŸ˜‚  u/OrenPlayzYT https://t.co/RZBlulXuos
HappyPower,,8/3/2024 19:37,137,16,13,0,,"Rubius aka ""elrubiusOMG"" is getting an Icon Skin soon! #fortnite https://t.co/vLeZykWfXw"
HappyPower,,8/2/2024 21:23,86,6,0,0,,"Fortnite LAST Update! (Marvel Teasers, FNAF, JJK, LEAKS) https://t.co/LL3g4sE4DD via @YouTube"
HappyPower,,7/31/2024 17:35,5688,283,364,15,,"If FNAF only collabs with stumble guys, the Fortnite community will have a melt down https://t.co/kj2RBcDU2h"
HappyPower,,7/30/2024 17:28,459,29,25,1,,FNAF finally happening August 6th?? https://t.co/2GUmxoX8YA
HappyPower,,7/29/2024 22:43,100,10,0,0,,"Fortnite FINAL Update! (Stark DOOM, Event, Lego, LEAKS) https://t.co/6rjl41hIxy via @YouTube"
HappyPower,,8/6/2024 17:42,491,14,77,5,,I don't watch dragon ball and I legit thought these were 2 girls (in my video). My bad chat ğŸ’€ğŸ’€ğŸ’€ https://t.co/ipBoAR5fQa
HappyPower,,8/6/2024 17:19,73,5,2,0,,Feel good Inc was honestly one of the best songs from the Gorillaz I cannot wait to see if it's an emote! https://t.co/wL9CdjHEr5
HappyPower,,8/6/2024 10:38,194,13,4,0,,"Fortnite NEW Update! (Live Event, Dragon Ball, X-MEN, LEAKS) https://t.co/zUAd0iGxVl via @YouTube https://t.co/1JR1oAOPIx"
HappyPower,,8/6/2024 10:10,285,14,7,1,,So freaking cool I can't wait to try it! https://t.co/hBRHB9Fh2N
HappyPower,,8/6/2024 9:04,260,16,12,0,,This sounds crazy https://t.co/TOD8XMNQST
HappyPower,,8/6/2024 8:56,436,38,5,2,,*Event Spoilers* Here is an early look at the Event!  cc: @ImPeQu https://t.co/UxyYZz3H4U
HappyPower,,8/6/2024 8:47,1717,99,25,5,,DR Doom was really the Wandered this whole time. This feels like a Donald Mustard era. GG. https://t.co/v2VFqwHSMu
HappyPower,,8/6/2024 8:37,899,78,11,3,,Chapter 5 Season 4 will only have 4 updates so far: #Fortnite    - 31.10  - 31.20  - 31.30  - 31.40  cc: @Wensoing https://t.co/U8D9HaiGdF
HYPEX,,8/6/2024 14:01,2702,161,175,141,,NEW FORTNITE JAM TRACKS â€¼ï¸  â€¢ Kid Cudi - Day 'N' Nite â€¢ Rae Sremmurd Ft. Gucci Mane - Black Beatles â€¢ Desiigner - Panda â€¢ Guns N' Roses - Paradise City â€¢ Guns N' Roses - Sweet Child O' Mine â€¢ Guns N' Roses - Welcome To The Jungle â€¢ Cage The Elephant - Ain't No Rest For Theâ€¦ https://t.co/pp1u6hwP41 https://t.co/HetsqzaaBV
HYPEX,,8/6/2024 13:44,14592,624,168,100,,SEASON 4 CONFIRMED ON AUGUST 16th â€” NO DELAYS ğŸ”¥ https://t.co/n9d3tz8Z6S
HYPEX,,8/6/2024 9:57,8246,441,160,113,,EVENT HAPPENS IN 4 DAYS â€” COUNTDOWN IS LIVE â€¼ï¸  [Spotted by @ShiinaBR] https://t.co/wR64n8v6Jo
HYPEX,,8/6/2024 9:07,7865,356,124,71,,"Fall Guys will be playable in Battle Royale as a mid-game Gameplay Event, where you compete with players for Epic &amp; Legendary Loot ğŸ”¥  [Pics by @McMistrzYT] https://t.co/apZnL6iI2J"
HYPEX,,8/6/2024 8:44,2844,152,67,25,,NEW LEAKED SKINS &amp; EMOTES IN-GAME â€” Except X-Men &amp; Dragon Ball because they're hidden for now â€¼ï¸  ğŸ”— https://t.co/lsTlR7mT4W https://t.co/OGkXiL25dC
HYPEX,,8/6/2024 8:30,7141,410,140,75,,PANDORA'S BOX RETURNS THIS SEASON ğŸ‘€  [VIA @SpushFNBR &amp; @kpmisparrot] https://t.co/0jU1RAzesR
HYPEX,,8/6/2024 8:27,18527,758,223,90,,MINI EVENT CONFIRMED THIS SEASON â€¼ï¸ğŸ”¥ https://t.co/S43tk8RfDX
HYPEX,,8/6/2024 8:26,2899,192,186,78,,"AC Milan, Borussia Dortmund, Manchester City &amp; Olympique Marseille are getting Car Decals in Fortnite â€¼ï¸ https://t.co/KlpD6C9irc"
HYPEX,,8/6/2024 8:23,11531,360,221,238,,MORE NEW SKINS â€¼ï¸ https://t.co/0am6Hv3PTg
ShiinaBR,,8/6/2024 17:04,2713,138,117,44,,"Fortnite just hotfixed the string ""Feel Good"" to ""Feel It"" ğŸ‘€  So far, this text doesn't exist in the game files, which means it's part of the encrypted game files!  It's likely a new ICON emote that could be in the Item Shop tonight/tomorrow ğŸ”¥ https://t.co/IZ5t3vUyHl https://t.co/C1VRN2UPkG"
ShiinaBR,,8/6/2024 14:01,1978,130,125,136,,NEW WEEKLY JAM TRACKS ANNOUNCED!! ğŸ”¥  - Ain't No Rest for the Wicked (Cage the Elephant) - Panda (Desiigner) - Paradise City (Guns N' Roses) - Sweet Child o' Mine (Guns N' Roses) - Welcome to the Jungle (Guns N' Roses) - Day 'n' Nite (Kid Cudi) - Black Beatles (Rae Sremmurd ft.â€¦ https://t.co/ohe0BMznDv https://t.co/8GxJg4vwqJ
ShiinaBR,,8/6/2024 13:43,6488,331,113,27,,SEASON 4 IS NOW ON STAGING SERVERS ğŸ”¥  It will be released on August 16 at 2am ET! https://t.co/8b385Y4tS5
ShiinaBR,,8/6/2024 13:08,5579,296,137,29,,"FREE COSMETICS: After today's downtime, players can complete Fortnite quests to unlock multiple Fall Guys cosmetics ğŸ‘€  The Battle Royale elements of this collaboration will disappear once Chapter 5 - Season 4 begins! https://t.co/M6KYg895n9"
ShiinaBR,,8/6/2024 13:01,3450,211,66,32,,FORTNITE X FALL GUYS TRAILER ğŸ”¥ https://t.co/WokGSmAudF
ShiinaBR,,8/6/2024 11:15,4501,279,140,43,,ENCRYPTED FILES IN V30.40 ğŸ‘€  - Pak1002: 40MB (Likely Custom Loading Screen Skins) - Pak1006: 26MB (Likely X-Men) - Pak1007: 102MB (Event Files) - Pak1015: 2MB (Likely Emote) - Pak1021: 17MB (Likely Dragon Ball) - Pak1026: 1MB (ICON Emote) - Pak1029: 2MB (ICON Emote) https://t.co/mY7JI7BnDG https://t.co/1xgfCZE2d9
ShiinaBR,,8/6/2024 9:56,7455,500,182,125,,THE EVENT COUNTDOWN IS NOW INGAME â€¼ï¸  EVENT DATE: Saturday @ 2pm ET https://t.co/qBYOCxcUK7 https://t.co/DINXRHeLmm
ShiinaBR,,8/6/2024 9:52,4986,166,291,150,,SERVERS ARE UP - The CyberTruck is now available in the shop! https://t.co/cArvngPdbl
ShiinaBR,,8/6/2024 9:49,394,27,32,6,,SERVERS ARE UP!!
ShiinaBR,,8/6/2024 9:05,2632,181,64,15,,FALL GUYS BATTLE ROYALE MINIGAME MAP ğŸ”¥  (via @McMistrzYT) https://t.co/mP9oeL5uQY
FNCreate,,8/6/2024 18:06,88,6,3,0,,"Oh we love tasteful water features, don't we? https://t.co/Qh5NBvNTcH"
FNCreate,,8/6/2024 15:01,76,10,0,0,,If only we could add these outfits to our closet irl  Check out our tutorial on bringing dynamically clothed MetaHumans and realistic environments to your islands ğŸ‘‡  https://t.co/DpPxv1T8HF https://t.co/IPbBlGAdtv
FNCreate,,8/6/2024 14:07,452,45,35,34,,Proximity chat is now available in UEFN and Creative!  This new feature can be enabled under Island Settings - where you have the ability to set chat distance and volume to create new social experiences.  Learn more: https://t.co/Gc9OevaG01
FNCreate,,8/6/2024 13:06,464,56,15,19,,Let the beans fall!!!  You can now publish your @FallGuysGame islands via the Creator Portal. We canâ€™t wait to see what youâ€™ve created. https://t.co/lvBhsp8zi8
FNCreate,,8/6/2024 11:55,192,28,4,0,,Where we fallinâ€™? v30.40 has arrived!  ğŸ‘‘ Fall Guys Verse Tutorial â¤ï¸ More BR Weapons and Items added ğŸ”¥ Inferno Galleries  Read more: https://t.co/YQdSRlm9Ib
FNCreate,,8/5/2024 19:33,164,12,6,0,,"This State Machine is wonderful, we detect a hit with this one ğŸ’¥ https://t.co/1WU1u4dgEM"
FNCreate,,8/5/2024 18:01,266,28,33,4,,Whatâ€™s the most daring @FallGuysGame obstacle you've created in UEFN? https://t.co/tUoAel8c5M
FNCreate,,8/5/2024 15:35,127,10,8,1,,"It's easy to see how you could have a ball with this game, you gotta put a pin in this one!ğŸ¤ https://t.co/vxgBu1oyR8"
FNCreate,,8/4/2024 16:32,144,15,9,1,,It's always the perfect time to go for a drive through City Free For All â˜€ï¸ğŸš—  ğŸ“·: @HiagoBD https://t.co/Boxcao3w8y
FNCreate,,8/3/2024 18:25,167,11,7,0,,Now we've heard of Fava Beans but these are Farther Beans ğŸ¤” https://t.co/d1j0oUzQLO
FNCreate,,8/6/2024 18:06,88,6,3,0,,"Oh we love tasteful water features, don't we? https://t.co/Qh5NBvNTcH"
FNCreate,,8/6/2024 15:01,76,10,0,0,,If only we could add these outfits to our closet irl  Check out our tutorial on bringing dynamically clothed MetaHumans and realistic environments to your islands ğŸ‘‡  https://t.co/DpPxv1T8HF https://t.co/IPbBlGAdtv
FNCreate,,8/6/2024 14:07,455,45,35,34,,Proximity chat is now available in UEFN and Creative!  This new feature can be enabled under Island Settings - where you have the ability to set chat distance and volume to create new social experiences.  Learn more: https://t.co/Gc9OevaG01
FNCreate,,8/6/2024 13:06,467,57,15,19,,Let the beans fall!!!  You can now publish your @FallGuysGame islands via the Creator Portal. We canâ€™t wait to see what youâ€™ve created. https://t.co/lvBhsp8zi8
FNCreate,,8/6/2024 11:55,193,28,4,0,,Where we fallinâ€™? v30.40 has arrived!  ğŸ‘‘ Fall Guys Verse Tutorial â¤ï¸ More BR Weapons and Items added ğŸ”¥ Inferno Galleries  Read more: https://t.co/YQdSRlm9Ib
FNCreate,,8/5/2024 19:33,164,12,6,0,,"This State Machine is wonderful, we detect a hit with this one ğŸ’¥ https://t.co/1WU1u4dgEM"
FNCreate,,8/5/2024 18:01,266,28,33,4,,Whatâ€™s the most daring @FallGuysGame obstacle you've created in UEFN? https://t.co/tUoAel8c5M
FNCreate,,8/5/2024 15:35,127,10,8,1,,"It's easy to see how you could have a ball with this game, you gotta put a pin in this one!ğŸ¤ https://t.co/vxgBu1oyR8"
FNCreate,,8/4/2024 16:32,144,15,9,1,,It's always the perfect time to go for a drive through City Free For All â˜€ï¸ğŸš—  ğŸ“·: @HiagoBD https://t.co/Boxcao3w8y
FNCreate,,8/3/2024 18:25,167,11,7,0,,Now we've heard of Fava Beans but these are Farther Beans ğŸ¤” https://t.co/d1j0oUzQLO
FNcompReport,from:FNCompReport,2024-08-06 15:37:07,438,6,68,13,https://pbs.twimg.com/media/GUTyTv-XUAAD-9O.jpg,Reload Loot Pool Changes:  - Charge Shotgun IN âœ… - Rapid Fire SMG IN âœ… - Burst Assault Rifle IN âœ… - Lever Action Rifle IN âœ… - Thunder Pump OUT âŒ - Stinger SMG OUT âŒ - Infantry Rifle OUT âŒ - Heavy Assault Rifle OUT âŒ https://t.co/pcQyTF09QB
FNcompReport,from:FNCompReport,2024-08-05 20:53:40,377,5,23,1,"https://pbs.twimg.com/media/GUPxKkWXsAAh3KI.jpg,https://pbs.twimg.com/media/GUPxKlRXEAAop6u.jpg","Teams &amp; Rosters for the $1,000,000 Esports World Cup ft. Fortnite which starts Thursday ğŸ†ğŸ‡¸ğŸ‡¦   Who you got finishing Top 3? https://t.co/cKQkbp5r7s"
FNcompReport,from:FNCompReport,2024-08-04 23:29:27,1450,24,97,11,,"Clix thinks Fortnite is the hardest Esport, do you think it is?  I think itâ€™s the hardest, not most competitive though. https://t.co/sJqp1eG0m2"
FNcompReport,from:FNCompReport,2024-08-04 21:38:41,515,1,13,0,,APEX Esports World Cup is INSANE  12 games and no winner yet. match point format is nuts
FNcompReport,from:FNCompReport,2024-08-04 15:57:51,1630,22,60,6,https://pbs.twimg.com/media/GUJj3yhWcAAshdK.jpg,Top 10 Duo World Rankings heading into the FNCS Global Championship ğŸŒ  Who do you think are the top 3 duos in the world right now? https://t.co/3qO1BlGwcq https://t.co/cpXIJorTum
FNcompReport,from:FNCompReport,2024-08-03 17:10:14,708,2,96,6,https://pbs.twimg.com/media/GUEqBGJWgAAQJxO.jpg,"What is the BEST shotgun in Fortnite history and what is the most BALANCED shotgun in Fortnite history? ğŸ§  I would say best = Havoc, balanced = sharptooth or striker https://t.co/6Y4qFRJvaS https://t.co/zhiTR1xnGX"
FNcompReport,from:FNCompReport,2024-08-02 20:08:15,941,14,15,2,"https://pbs.twimg.com/media/GUAImEoWIAElzNK.png,https://pbs.twimg.com/media/GUAJDxJWMAA3SCW.png","Last weekend during FNCS Grand Finals @Clix had the stream with the highest peak viewers of all of twitch for the week &amp; NA Grand Finals broke its viewership record with 372,577 peak viewers (previously 345,655)  Absolute Cinema. https://t.co/ALm4475lzg https://t.co/Flr45H2C8E"
FNcompReport,from:FNCompReport,2024-08-01 19:27:22,1756,29,24,3,,Ninjaâ€™s impression of Clix getting griefed in FNCS ğŸ˜­ https://t.co/cSM88tq1hl
FNcompReport,from:FNCompReport,2024-08-01 03:17:53,2612,51,36,7,"https://pbs.twimg.com/media/GT3Y3a4WMAATF5k.jpg,https://pbs.twimg.com/media/GT3Y4WEXQAAssDo.jpg,https://pbs.twimg.com/media/GT3Y5mHXwAAJNYf.jpg,https://pbs.twimg.com/media/GT3Y6mGXYAA7Dyt.jpg","Reet just qualified to ASIA, Brazil, EU, and NA Cash Cup Finals on the same day  Cross-Region cash cup goat ğŸ https://t.co/tX5GZT1XRJ https://t.co/XFC0qcZkrV"
FNcompReport,from:FNCompReport,2024-08-01 03:17:43,6,0,0,0,"https://pbs.twimg.com/media/GT3Y3a4WMAATF5k.jpg,https://pbs.twimg.com/media/GT3Y4WEXQAAssDo.jpg,https://pbs.twimg.com/media/GT3Y5mHXwAAJNYf.jpg,https://pbs.twimg.com/media/GT3Y6mGXYAA7Dyt.jpg","Reet just qualified to ASIA, Brazil, EU, and NA Cash Cup Finals on the same day  Cross-Region cash cup goat ğŸ https://t.co/akYdf9fuZ5 https://t.co/YfgWd2n2jX"
